{
  "name": "{{Dataset_Name}}",
  "compatibilityLevel": 1604,
  "model": {
    "name": "{{Dataset_Name}}",
    "culture": "en-US",
    "collation": "Latin1_General_100_BIN2_UTF8",
    "dataAccessOptions": {
      "legacyRedirects": true,
      "returnErrorValuesAsNull": true
    },
    "defaultPowerBIDataSourceVersion": "powerBI_V3",
    "sourceQueryCulture": "en-US",
    "tables": [
      {
        "name": "dim_campanha",
        "sourceLineageTag": "[dbo].[dim_campanha]",
        "columns": [
          {
            "name": "CampaignID",
            "dataType": "int64",
            "sourceColumn": "CampaignID",
            "formatString": "0",
            "sourceProviderType": "int",
            "sourceLineageTag": "CampaignID",
            "summarizeBy": "sum",
            "annotations": [
              {
                "name": "SummarizationSetBy",
                "value": "Automatic"
              }
            ]
          },
          {
            "name": "Channel",
            "dataType": "string",
            "sourceColumn": "Channel",
            "sourceProviderType": "varchar",
            "sourceLineageTag": "Channel",
            "summarizeBy": "none",
            "annotations": [
              {
                "name": "SummarizationSetBy",
                "value": "Automatic"
              }
            ]
          },
          {
            "name": "CampaignName",
            "dataType": "string",
            "sourceColumn": "CampaignName",
            "sourceProviderType": "varchar",
            "sourceLineageTag": "CampaignName",
            "summarizeBy": "none",
            "annotations": [
              {
                "name": "SummarizationSetBy",
                "value": "Automatic"
              }
            ]
          },
          {
            "name": "StartDate",
            "dataType": "dateTime",
            "sourceColumn": "StartDate",
            "formatString": "General Date",
            "sourceProviderType": "date",
            "sourceLineageTag": "StartDate",
            "summarizeBy": "none",
            "annotations": [
              {
                "name": "SummarizationSetBy",
                "value": "Automatic"
              }
            ]
          },
          {
            "name": "BudgetUSD",
            "dataType": "int64",
            "sourceColumn": "BudgetUSD",
            "formatString": "0",
            "sourceProviderType": "int",
            "sourceLineageTag": "BudgetUSD",
            "summarizeBy": "sum",
            "annotations": [
              {
                "name": "SummarizationSetBy",
                "value": "Automatic"
              }
            ]
          }
        ],
        "partitions": [
          {
            "name": "{{Partition_Name}}",
            "mode": "directLake",
            "source": {
              "type": "entity",
              "entityName": "dim_campanha",
              "expressionSource": "DatabaseQuery",
              "schemaName": "dbo"
            }
          }
        ],
        "annotations": [
          {
            "name": "IsTableInBiModel",
            "value": "True"
          }
        ]
      },
      {
        "name": "dim_clientes",
        "sourceLineageTag": "[dbo].[dim_clientes]",
        "columns": [
          {
            "name": "ClientID",
            "dataType": "int64",
            "sourceColumn": "ClientID",
            "formatString": "0",
            "sourceProviderType": "int",
            "sourceLineageTag": "ClientID",
            "summarizeBy": "sum",
            "annotations": [
              {
                "name": "SummarizationSetBy",
                "value": "Automatic"
              }
            ]
          },
          {
            "name": "FirstName",
            "dataType": "string",
            "sourceColumn": "FirstName",
            "sourceProviderType": "varchar",
            "sourceLineageTag": "FirstName",
            "summarizeBy": "none",
            "annotations": [
              {
                "name": "SummarizationSetBy",
                "value": "Automatic"
              }
            ]
          },
          {
            "name": "LastName",
            "dataType": "string",
            "sourceColumn": "LastName",
            "sourceProviderType": "varchar",
            "sourceLineageTag": "LastName",
            "summarizeBy": "none",
            "annotations": [
              {
                "name": "SummarizationSetBy",
                "value": "Automatic"
              }
            ]
          },
          {
            "name": "Email",
            "dataType": "dateTime",
            "sourceColumn": "Email",
            "formatString": "General Date",
            "sourceProviderType": "date",
            "sourceLineageTag": "Email",
            "summarizeBy": "none",
            "annotations": [
              {
                "name": "SummarizationSetBy",
                "value": "Automatic"
              }
            ]
          },
          {
            "name": "Region",
            "dataType": "int64",
            "sourceColumn": "Region",
            "formatString": "0",
            "sourceProviderType": "int",
            "sourceLineageTag": "Region",
            "summarizeBy": "sum",
            "annotations": [
              {
                "name": "SummarizationSetBy",
                "value": "Automatic"
              }
            ]
          }
        ],
        "partitions": [
          {
            "name": "{{Partition_Name}}",
            "mode": "directLake",
            "source": {
              "type": "entity",
              "entityName": "dim_clientes",
              "expressionSource": "DatabaseQuery",
              "schemaName": "dbo"
            }
          }
        ],
        "annotations": [
          {
            "name": "IsTableInBiModel",
            "value": "True"
          }
        ]
      },
      {
        "name": "dim_corredor",
        "sourceLineageTag": "[dbo].[dim_corredor]",
        "columns": [
          {
            "name": "BrokerID",
            "dataType": "int64",
            "sourceColumn": "BrokerID",
            "formatString": "0",
            "sourceProviderType": "int",
            "sourceLineageTag": "BrokerID",
            "summarizeBy": "sum",
            "annotations": [
              {
                "name": "SummarizationSetBy",
                "value": "Automatic"
              }
            ]
          },
          {
            "name": "BrokerName",
            "dataType": "string",
            "sourceColumn": "BrokerName",
            "sourceProviderType": "varchar",
            "sourceLineageTag": "BrokerName",
            "summarizeBy": "none",
            "annotations": [
              {
                "name": "SummarizationSetBy",
                "value": "Automatic"
              }
            ]
          },
          {
            "name": "Region",
            "dataType": "string",
            "sourceColumn": "Region",
            "sourceProviderType": "varchar",
            "sourceLineageTag": "Region",
            "summarizeBy": "none",
            "annotations": [
              {
                "name": "SummarizationSetBy",
                "value": "Automatic"
              }
            ]
          },
          {
            "name": "email",
            "dataType": "string",
            "sourceColumn": "email",
            "sourceProviderType": "varchar",
            "sourceLineageTag": "email",
            "summarizeBy": "none",
            "annotations": [
              {
                "name": "SummarizationSetBy",
                "value": "Automatic"
              }
            ]
          }
        ],
        "partitions": [
          {
            "name": "{{Partition_Name}}",
            "mode": "directLake",
            "source": {
              "type": "entity",
              "entityName": "dim_corredor",
              "expressionSource": "DatabaseQuery",
              "schemaName": "dbo"
            }
          }
        ],
        "annotations": [
          {
            "name": "IsTableInBiModel",
            "value": "True"
          }
        ]
      },
      {
        "name": "dim_propiedad",
        "sourceLineageTag": "[dbo].[dim_propiedad]",
        "columns": [
          {
            "name": "PropertyID",
            "dataType": "int64",
            "sourceColumn": "PropertyID",
            "formatString": "0",
            "sourceProviderType": "int",
            "sourceLineageTag": "PropertyID",
            "summarizeBy": "sum",
            "annotations": [
              {
                "name": "SummarizationSetBy",
                "value": "Automatic"
              }
            ]
          },
          {
            "name": "ProjectID",
            "dataType": "int64",
            "sourceColumn": "ProjectID",
            "formatString": "0",
            "sourceProviderType": "int",
            "sourceLineageTag": "ProjectID",
            "summarizeBy": "sum",
            "annotations": [
              {
                "name": "SummarizationSetBy",
                "value": "Automatic"
              }
            ]
          },
          {
            "name": "PropertyType",
            "dataType": "string",
            "sourceColumn": "PropertyType",
            "sourceProviderType": "varchar",
            "sourceLineageTag": "PropertyType",
            "summarizeBy": "none",
            "annotations": [
              {
                "name": "SummarizationSetBy",
                "value": "Automatic"
              }
            ]
          },
          {
            "name": "Size_m2",
            "dataType": "int64",
            "sourceColumn": "Size_m2",
            "formatString": "0",
            "sourceProviderType": "int",
            "sourceLineageTag": "Size_m2",
            "summarizeBy": "sum",
            "annotations": [
              {
                "name": "SummarizationSetBy",
                "value": "Automatic"
              }
            ]
          },
          {
            "name": "Bedrooms",
            "dataType": "int64",
            "sourceColumn": "Bedrooms",
            "formatString": "0",
            "sourceProviderType": "int",
            "sourceLineageTag": "Bedrooms",
            "summarizeBy": "sum",
            "annotations": [
              {
                "name": "SummarizationSetBy",
                "value": "Automatic"
              }
            ]
          },
          {
            "name": "Bathrooms",
            "dataType": "int64",
            "sourceColumn": "Bathrooms",
            "formatString": "0",
            "sourceProviderType": "int",
            "sourceLineageTag": "Bathrooms",
            "summarizeBy": "sum",
            "annotations": [
              {
                "name": "SummarizationSetBy",
                "value": "Automatic"
              }
            ]
          },
          {
            "name": "ListPriceUSD",
            "dataType": "int64",
            "sourceColumn": "ListPriceUSD",
            "formatString": "0",
            "sourceProviderType": "int",
            "sourceLineageTag": "ListPriceUSD",
            "summarizeBy": "sum",
            "annotations": [
              {
                "name": "SummarizationSetBy",
                "value": "Automatic"
              }
            ]
          },
          {
            "name": "AvailabilityStatus",
            "dataType": "string",
            "sourceColumn": "AvailabilityStatus",
            "sourceProviderType": "varchar",
            "sourceLineageTag": "AvailabilityStatus",
            "summarizeBy": "none",
            "annotations": [
              {
                "name": "SummarizationSetBy",
                "value": "Automatic"
              }
            ]
          }
        ],
        "partitions": [
          {
            "name": "{{Partition_Name}}",
            "mode": "directLake",
            "source": {
              "type": "entity",
              "entityName": "dim_propiedad",
              "expressionSource": "DatabaseQuery",
              "schemaName": "dbo"
            }
          }
        ],
        "annotations": [
          {
            "name": "IsTableInBiModel",
            "value": "True"
          }
        ]
      },
      {
        "name": "dim_proyecto",
        "sourceLineageTag": "[dbo].[dim_proyecto]",
        "columns": [
          {
            "name": "ProjectID",
            "dataType": "int64",
            "sourceColumn": "ProjectID",
            "formatString": "0",
            "sourceProviderType": "int",
            "sourceLineageTag": "ProjectID",
            "summarizeBy": "sum",
            "annotations": [
              {
                "name": "SummarizationSetBy",
                "value": "Automatic"
              }
            ]
          },
          {
            "name": "ProjectName",
            "dataType": "string",
            "sourceColumn": "ProjectName",
            "sourceProviderType": "varchar",
            "sourceLineageTag": "ProjectName",
            "summarizeBy": "none",
            "annotations": [
              {
                "name": "SummarizationSetBy",
                "value": "Automatic"
              }
            ]
          },
          {
            "name": "City",
            "dataType": "string",
            "sourceColumn": "City",
            "sourceProviderType": "varchar",
            "sourceLineageTag": "City",
            "summarizeBy": "none",
            "annotations": [
              {
                "name": "SummarizationSetBy",
                "value": "Automatic"
              }
            ]
          },
          {
            "name": "Region",
            "dataType": "string",
            "sourceColumn": "Region",
            "sourceProviderType": "varchar",
            "sourceLineageTag": "Region",
            "summarizeBy": "none",
            "annotations": [
              {
                "name": "SummarizationSetBy",
                "value": "Automatic"
              }
            ]
          },
          {
            "name": "LaunchYear",
            "dataType": "string",
            "sourceColumn": "LaunchYear",
            "sourceProviderType": "varchar",
            "sourceLineageTag": "LaunchYear",
            "summarizeBy": "none",
            "annotations": [
              {
                "name": "SummarizationSetBy",
                "value": "Automatic"
              }
            ]
          },
          {
            "name": "Status",
            "dataType": "string",
            "sourceColumn": "Status",
            "sourceProviderType": "varchar",
            "sourceLineageTag": "Status",
            "summarizeBy": "none",
            "annotations": [
              {
                "name": "SummarizationSetBy",
                "value": "Automatic"
              }
            ]
          }
        ],
        "partitions": [
          {
            "name": "{{Partition_Name}}",
            "mode": "directLake",
            "source": {
              "type": "entity",
              "entityName": "dim_proyecto",
              "expressionSource": "DatabaseQuery",
              "schemaName": "dbo"
            }
          }
        ],
        "annotations": [
          {
            "name": "IsTableInBiModel",
            "value": "False"
          }
        ]
      },
      {
        "name": "fact_leads",
        "sourceLineageTag": "[dbo].[fact_leads]",
        "columns": [
          {
            "name": "LeadID",
            "dataType": "int64",
            "sourceColumn": "LeadID",
            "formatString": "0",
            "sourceProviderType": "int",
            "sourceLineageTag": "LeadID",
            "summarizeBy": "sum",
            "annotations": [
              {
                "name": "SummarizationSetBy",
                "value": "Automatic"
              }
            ]
          },
          {
            "name": "ClientID",
            "dataType": "int64",
            "sourceColumn": "ClientID",
            "formatString": "0",
            "sourceProviderType": "int",
            "sourceLineageTag": "ClientID",
            "summarizeBy": "sum",
            "annotations": [
              {
                "name": "SummarizationSetBy",
                "value": "Automatic"
              }
            ]
          },
          {
            "name": "PropertyID",
            "dataType": "int64",
            "sourceColumn": "PropertyID",
            "formatString": "0",
            "sourceProviderType": "int",
            "sourceLineageTag": "PropertyID",
            "summarizeBy": "sum",
            "annotations": [
              {
                "name": "SummarizationSetBy",
                "value": "Automatic"
              }
            ]
          },
          {
            "name": "CampaignID",
            "dataType": "int64",
            "sourceColumn": "CampaignID",
            "formatString": "0",
            "sourceProviderType": "int",
            "sourceLineageTag": "CampaignID",
            "summarizeBy": "sum",
            "annotations": [
              {
                "name": "SummarizationSetBy",
                "value": "Automatic"
              }
            ]
          },
          {
            "name": "LeadDate",
            "dataType": "dateTime",
            "sourceColumn": "LeadDate",
            "formatString": "General Date",
            "sourceProviderType": "date",
            "sourceLineageTag": "LeadDate",
            "summarizeBy": "none",
            "annotations": [
              {
                "name": "SummarizationSetBy",
                "value": "Automatic"
              }
            ]
          },
          {
            "name": "LeadSource",
            "dataType": "string",
            "sourceColumn": "LeadSource",
            "sourceProviderType": "varchar",
            "sourceLineageTag": "LeadSource",
            "summarizeBy": "none",
            "annotations": [
              {
                "name": "SummarizationSetBy",
                "value": "Automatic"
              }
            ]
          }
        ],
        "partitions": [
          {
            "name": "{{Partition_Name}}",
            "mode": "directLake",
            "source": {
              "type": "entity",
              "entityName": "fact_leads",
              "expressionSource": "DatabaseQuery",
              "schemaName": "dbo"
            }
          }
        ],
        "annotations": [
          {
            "name": "IsTableInBiModel",
            "value": "True"
          }
        ]
      },
      {
        "name": "fact_ventas",
        "sourceLineageTag": "[dbo].[fact_ventas]",
        "columns": [
          {
            "name": "SaleID",
            "dataType": "int64",
            "sourceColumn": "SaleID",
            "formatString": "0",
            "sourceProviderType": "int",
            "sourceLineageTag": "SaleID",
            "summarizeBy": "sum",
            "annotations": [
              {
                "name": "SummarizationSetBy",
                "value": "Automatic"
              }
            ]
          },
          {
            "name": "PropertyID",
            "dataType": "int64",
            "sourceColumn": "PropertyID",
            "formatString": "0",
            "sourceProviderType": "int",
            "sourceLineageTag": "PropertyID",
            "summarizeBy": "sum",
            "annotations": [
              {
                "name": "SummarizationSetBy",
                "value": "Automatic"
              }
            ]
          },
          {
            "name": "ClientID",
            "dataType": "int64",
            "sourceColumn": "ClientID",
            "formatString": "0",
            "sourceProviderType": "int",
            "sourceLineageTag": "ClientID",
            "summarizeBy": "sum",
            "annotations": [
              {
                "name": "SummarizationSetBy",
                "value": "Automatic"
              }
            ]
          },
          {
            "name": "BrokerID",
            "dataType": "int64",
            "sourceColumn": "BrokerID",
            "formatString": "0",
            "sourceProviderType": "int",
            "sourceLineageTag": "BrokerID",
            "summarizeBy": "sum",
            "annotations": [
              {
                "name": "SummarizationSetBy",
                "value": "Automatic"
              }
            ]
          },
          {
            "name": "SaleDate",
            "dataType": "dateTime",
            "sourceColumn": "SaleDate",
            "formatString": "General Date",
            "sourceProviderType": "date",
            "sourceLineageTag": "SaleDate",
            "summarizeBy": "none",
            "annotations": [
              {
                "name": "SummarizationSetBy",
                "value": "Automatic"
              }
            ]
          },
          {
            "name": "SalePriceUSD",
            "dataType": "int64",
            "sourceColumn": "SalePriceUSD",
            "formatString": "0",
            "sourceProviderType": "int",
            "sourceLineageTag": "SalePriceUSD",
            "summarizeBy": "sum",
            "annotations": [
              {
                "name": "SummarizationSetBy",
                "value": "Automatic"
              }
            ]
          }
        ],
        "partitions": [
          {
            "name": "{{Partition_Name}}",
            "mode": "directLake",
            "source": {
              "type": "entity",
              "entityName": "fact_ventas",
              "expressionSource": "DatabaseQuery",
              "schemaName": "dbo"
            }
          }
        ],
        "annotations": [
          {
            "name": "IsTableInBiModel",
            "value": "True"
          }
        ]
      }
    ],
    "relationships": [
      {
        "name": "329cf7fdf581f6025dda678b108a7d48",
        "fromTable": "fact_ventas",
        "fromColumn": "BrokerID",
        "toTable": "dim_corredor",
        "toColumn": "BrokerID"
      },
      {
        "name": "33b36680a73bea4a5cfac9c8f902ec57",
        "fromTable": "fact_leads",
        "fromColumn": "CampaignID",
        "toTable": "dim_campanha",
        "toColumn": "CampaignID"
      },
      {
        "name": "cf7ef94c22ba4d18ae7c9bf54feed999",
        "fromTable": "fact_ventas",
        "fromColumn": "PropertyID",
        "toTable": "dim_propiedad",
        "toColumn": "PropertyID"
      },
      {
        "name": "d975e3cc610e3b52fd380b162cc23734",
        "fromTable": "fact_ventas",
        "fromColumn": "ClientID",
        "toTable": "dim_clientes",
        "toColumn": "ClientID"
      },
      {
        "name": "e1ae51406baf116fed58a2cd44186d82",
        "fromTable": "fact_leads",
        "fromColumn": "ClientID",
        "toTable": "dim_clientes",
        "toColumn": "ClientID"
      }
    ],
    "expressions": [
      {
        "name": "DatabaseQuery",
        "kind": "m",
        "expression": "let\n    database = {{TDS_Endpoint}}\nin\n    database\n"
      }
    ],
    "annotations": [
      {
        "name": "__PBI_TimeIntelligenceEnabled",
        "value": "0"
      },
      {
        "name": "SourceLineageTagType",
        "value": "DatabaseFullyQualifiedName"
      }
    ]
  }
}